,pgdp,gdp,pw,eri,LPrm,RS,RL,Natdebt,LNatdebt,m,LEmpUK,LKtotUK,Rna,E,pop,Un,wpop,RsUS,Pcpi,LW85,nh,w,Dpgdp,Dm,ppp,Ur,RLr,Dgdp,DUr,Ursq,Dpop,Wshare,Dpgfna,DpgfnaDp,ulc,gdppc,ulcp,ulcpm,er,RrDg
1870-1,-3.678306407,10.52529891,#N/A,#N/A,#N/A,0.0328,0.0324,802.2609941,6.687433984,#N/A,9.445948538,#N/A,#N/A,#N/A,#N/A,462.55814,13119.34091,#N/A,-4.173434755,-5.156897201,#N/A,#N/A,#N/A,#N/A,#N/A,0.035257727,#N/A,#N/A,#N/A,0.001243107,#N/A,#N/A,#N/A,#N/A,#N/A,1.043456082,#N/A,#N/A,#N/A,#N/A
1871-1,-3.653287496,10.56229986,#N/A,#N/A,#N/A,0.0289,0.0324,791.3254576,6.673709334,#N/A,9.473769568,#N/A,#N/A,#N/A,#N/A,199.53488,13213.38636,#N/A,-4.15953185,-5.118661174,#N/A,#N/A,0.025018911,#N/A,#N/A,0.015100965,0.007381089,0.037000956,-0.020156762,0.000228039,#N/A,#N/A,#N/A,#N/A,#N/A,1.073314151,#N/A,#N/A,#N/A,-0.029619868
1872-1,-3.595196808,10.56443434,#N/A,#N/A,#N/A,0.0408,0.0324,790.0389239,6.672082215,#N/A,9.487178221,#N/A,#N/A,#N/A,#N/A,117.90698,13307.43182,#N/A,-4.113602918,-5.058034067,#N/A,#N/A,0.058090687,#N/A,#N/A,0.008860236,-0.025690687,0.002134472,-0.006240729,7.85038E-05,#N/A,#N/A,#N/A,#N/A,#N/A,1.068356395,#N/A,#N/A,#N/A,-0.02782516
1873-1,-3.546847007,10.59591647,-2.450046003,1.708432207,2.250570189,0.047,0.0324,785.0000002,6.665683718,6.348945732,9.492916739,5.039090251,0.052332512,5.5203,3.402680008,136.04651,13401.47727,0.103100004,-4.083073713,-5.012050965,#N/A,-4.722059304,0.048349802,#N/A,0.611631203,0.010151605,-0.015949802,0.031482138,0.00129137,0.000103055,#N/A,0.102467251,#N/A,#N/A,-5.825059039,1.092796251,-2.278212032,0.084387968,1.708432207,-0.04743194
1874-1,-3.578646758,10.60209569,-2.460790495,1.695285279,2.250570189,0.0356,0.0324,779,6.658011046,6.385987004,9.494535227,5.066016704,0.038432014,5.4482,3.412698955,208.60465,13495.52273,0.0598,-4.116630496,-5.000892221,#N/A,-4.681237309,-0.031799751,0.037041272,0.577429016,0.015457323,0.064199751,0.006179216,0.005305717,0.000238929,0.010018946,0.109684083,-0.497209616,0.015811142,-5.788797773,1.091982431,-2.210151015,0.152448985,1.695285279,0.058020535
1875-1,-3.625087522,10.62843967,-2.484210828,1.72577991,2.250570189,0.0314,0.032,775,6.652863029,6.407247003,9.496151099,5.093980236,0.034398917,5.6169,3.42304493,281.16279,13589.56818,0.054400001,-4.135813316,-5.023354835,#N/A,-4.681237309,-0.046440764,0.021259999,0.584903217,0.020689604,0.078440764,0.026343975,0.005232282,0.00042806,0.010345975,0.112091659,-0.316782048,0.0147116,-5.813525877,1.111381935,-2.188438355,0.174161645,1.72577991,0.052096788
1876-1,-3.65157856,10.63442174,-2.531107015,1.697192347,2.250570189,0.0226,0.0316,777,6.65544035,6.408863818,9.49093703,5.123158536,0.025154666,5.4586,3.433977972,444.4186,13683.61364,0.051300001,-4.138817825,-5.034787945,#N/A,-4.691287645,-0.026491039,0.001616815,0.576720801,0.03247816,0.058091039,0.005982072,0.011788556,0.001054831,0.010933042,0.112681075,-0.587621702,0.015566709,-5.834772354,1.110467427,-2.183193794,0.179406206,1.697192347,0.052108967
1877-1,-3.66900922,10.64824229,-2.568210777,1.630396734,2.250570189,0.0262,0.0315,770,6.646390515,6.402380814,9.488446522,5.151235436,0.029181613,5.1059,3.445239622,571.39535,13777.65909,0.051799998,-4.14584244,-5.046353285,#N/A,-4.701440016,-0.01743066,-0.006483005,0.529598291,0.0414726,0.04893066,0.013820556,0.00899444,0.001719977,0.01126165,0.111667836,-0.766972391,0.013368835,-5.861235788,1.117438641,-2.192226569,0.170373431,1.630396734,0.035110104
1878-1,-3.681358186,10.64234257,-2.644965639,1.592108624,2.250570189,0.0359,0.0315,772,6.64898455,6.362574563,9.476959072,5.176676599,0.042093098,4.9141,3.455786618,816.27907,13871.70455,0.048000002,-4.168088049,-5.069873022,#N/A,-4.732530604,-0.012348966,-0.03980625,0.555716077,0.0588449,0.043848966,-0.005899722,0.0173723,0.003462722,0.010546996,0.108983812,-0.867681253,0.010714966,-5.897914103,1.104736171,-2.216555918,0.146044082,1.592108624,0.049748688
1879-1,-3.724834406,10.65020116,-2.680852427,1.580132678,2.250570189,0.0214,0.0308,773,6.650279049,6.331644262,9.437544968,5.198614814,0.026623604,4.8556,3.466690062,1414.88372,13965.75,0.050599999,-4.213085415,-5.093979896,#N/A,-4.753808002,-0.04347622,-0.030930301,0.536150699,0.101310973,0.07427622,0.007858587,0.042466073,0.010263913,0.010903444,0.106285141,-0.345999006,0.015042729,-5.966464192,1.105837976,-2.241629786,0.120970214,1.580132678,0.066417633
1880-1,-3.686007773,10.68670857,-2.582051815,1.578772498,2.250570189,0.0253,0.0305,772,6.64898455,6.345509303,9.500830591,5.218801862,0.029481392,4.849,3.475946298,698.37209,14069.2,0.0523,-4.183526612,-5.093979896,#N/A,-4.753808002,0.038826633,0.01386504,0.47481654,0.049638365,-0.008326633,0.036507416,-0.051672608,0.002463967,0.009256236,0.105012256,-0.398802413,-0.015484155,-5.939685986,1.134965285,-2.253678212,0.108921788,1.578772498,-0.044834049
1881-1,-3.719624116,10.72737961,-2.601401624,1.578153622,2.250570189,0.0305,0.03,766,6.64118217,6.362574563,9.524539066,5.239091641,0.034322862,4.846,3.484917288,471.62791,14163.24545,0.051999998,-4.19458756,-5.089969402,#N/A,-4.753808002,-0.033616343,0.017065261,0.45993113,0.033299424,0.063616343,0.04067104,-0.016338942,0.001108852,0.008970991,0.106775751,-0.469470666,0.015781887,-5.956648549,1.168974075,-2.237024433,0.125575567,1.578153622,0.022945304
1882-1,-3.706809173,10.75419087,-2.569930508,1.584263684,2.250570189,0.0355,0.0299,761,6.634633358,6.385987004,9.546522677,5.25774659,0.038791425,4.8757,3.492644619,308.37209,14304.31364,0.056399999,-4.184637229,-5.079373033,#N/A,-4.753808002,0.012814944,0.023412441,0.447385019,0.021557979,0.017085056,0.026811257,-0.011741445,0.000464746,0.007727331,0.10490847,-0.858942132,-0.011007295,-5.961476197,1.185874448,-2.254667025,0.107932975,1.584263684,-0.009726201
1883-1,-3.717335586,10.76471728,-2.582051815,1.57986491,2.250570189,0.0322,0.0297,754,6.625392368,6.404005509,9.554005636,5.276301792,0.034140799,4.8543,3.499551349,353.72093,14454.78636,0.056199999,-4.189649771,-5.072814437,#N/A,-4.743112713,-0.010526413,0.018018506,0.44458114,0.024470851,0.040226413,0.010526413,0.002912873,0.000598823,0.00690673,0.106832961,-0.90024772,0.009476379,-5.953824362,1.18593641,-2.236488776,0.126111224,1.57986491,0.0297
1884-1,-3.734452317,10.76993923,-2.635731963,1.580832655,2.250570189,0.0257,0.0297,746,6.6147256,6.424889802,9.508309604,5.29499395,0.026685847,4.859,3.507250828,1124.65116,14595.85455,0.051999998,-4.217020968,-5.076736328,#N/A,-4.743112713,-0.017116731,0.020884293,0.482112302,0.077052779,0.046816731,0.005221944,0.052581928,0.005937131,0.007699479,0.103282222,-0.773405675,0.013238177,-6.004742338,1.181446396,-2.270290021,0.092309979,1.580832655,0.041594787
1885-1,-3.758736184,10.76297056,-2.704199806,1.580976708,2.250570189,0.024,0.0302,740,6.606650186,6.435957109,9.506686096,5.310775688,0.024946917,4.8597,3.515363615,1296.97674,14746.32727,0.040599999,-4.247480175,-5.085974927,#N/A,-4.753808002,-0.024283867,0.011067307,0.526440329,0.087952527,0.054483867,-0.006968669,0.010899747,0.007735647,0.008112787,0.10525637,-0.629047054,0.015275695,-6.010092465,1.164221227,-2.251356281,0.111243719,1.580976708,0.061452536
1886-1,-3.767287954,10.78030202,-2.718075168,1.582724259,2.250570189,0.0233,0.0298,742,6.609349243,6.4328075,9.507084285,5.324469742,0.023856621,4.8682,3.5236039,1442.09302,14896.8,0.047600002,-4.263609557,-5.092641277,#N/A,-4.753808002,-0.00855177,-0.003149609,0.533511472,0.096805557,0.03835177,0.017331457,0.00885303,0.009371316,0.008240286,0.104377851,-0.931851139,0.007968977,-6.027025733,1.171400312,-2.259737778,0.102862222,1.582724259,0.021020314
1887-1,-3.768367066,10.81574876,-2.708144599,1.581388171,2.250570189,0.0265,0.0295,736,6.601230119,6.42964794,9.543872622,5.33888813,0.027051944,4.8617,3.531421691,1088.37209,15047.27273,0.0575,-4.268622099,-5.087304647,#N/A,-4.753808002,-0.001079111,-0.00315956,0.521165704,0.07233019,0.030579111,0.035446749,-0.024475367,0.005231656,0.00781779,0.104630825,-0.998836873,0.001077856,-6.025684145,1.196796725,-2.257317079,0.105282921,1.581388171,-0.004867638
1888-1,-3.775764385,10.85637173,-2.690514338,1.585677865,2.250570189,0.0253,0.0297,706,6.559615237,6.454649242,9.580608871,5.353325587,0.025344737,4.8826,3.53912461,716.51163,15197.74545,0.048899999,-4.261646485,-5.072814437,#N/A,-4.753808002,-0.007397319,0.025001302,0.500427818,0.047145916,0.037097319,0.04062297,-0.025184274,0.002222737,0.007702919,0.104998787,-0.948118635,0.007013536,-6.029570865,1.227469364,-2.25380648,0.10879352,1.585677865,-0.003525651
1889-1,-3.754477983,10.91361861,-2.684706011,1.585391091,2.250570189,0.0285,0.0281,698,6.548219103,6.496951622,9.619083478,5.368881416,0.02837524,4.8812,3.547145285,308.37209,15357.62273,0.048600001,-4.24774358,-5.052087686,#N/A,-4.722059304,0.021286402,0.04230238,0.515619119,0.020079416,0.006813598,0.057246874,-0.0270665,0.000403183,0.008020675,0.104129865,-0.688178716,-0.014648849,-6.016594435,1.274251384,-2.262116453,0.100483547,1.585391091,-0.050433276
1890-1,-3.741768886,10.91961563,-2.704199806,1.583155537,2.250570189,0.0388,0.0267,690,6.536691598,6.528977649,9.629032507,5.38419901,0.038298087,4.8703,3.555368949,308.37209,15508.09545,0.056199999,-4.245745577,-5.018049783,#N/A,-4.681237309,0.012709097,0.032026027,0.545586457,0.019884588,0.013990903,0.00599702,-0.000194828,0.000395397,0.008223664,0.107522888,-0.860939987,-0.01094177,-5.971820431,1.270498175,-2.230051545,0.132548455,1.583155537,0.007993883
1891-1,-3.751461388,10.91361861,-2.714091083,1.582621546,2.250570189,0.0277,0.027,684,6.527957918,6.568308561,9.62209027,5.401208781,0.027654716,4.8677,3.563790108,516.97674,15611.54545,0.053899999,-4.238769963,-5.004522603,#N/A,-4.681237309,-0.009692502,0.039330912,0.545251241,0.033115026,0.036692502,-0.00599702,0.013230438,0.001096605,0.008421158,0.108467547,-0.914123071,0.00886014,-5.972765648,1.257852596,-2.22130426,0.14129574,1.582621546,0.042689522
1892-1,-3.753042924,10.88926428,-2.7546646,1.584673797,2.250570189,0.0176,0.0265,678,6.519147288,6.59145459,9.609344874,5.418353906,0.017357867,4.8777,3.572534369,943.25581,15846.65909,0.041100001,-4.234777942,-4.999635008,#N/A,-4.681237309,-0.001581536,0.02314603,0.586295473,0.059523954,0.028081536,-0.024354324,0.026408928,0.003543101,0.008744261,0.109907762,-0.997504985,0.00157759,-5.96115672,1.218550311,-2.208113796,0.154486204,1.584673797,0.05243586
1893-1,-3.754596883,10.88772226,-2.730123476,1.583176069,2.250570189,0.0232,0.0261,671,6.508769137,6.598161524,9.608576702,5.435416288,0.023098441,4.8704,3.581826564,1142.7907,16034.75,0.0679,-4.241802557,-5.00207582,#N/A,-4.691287645,-0.001553958,0.006706933,0.558702662,0.07126963,0.027653958,-0.00154202,0.011745676,0.00507936,0.009292195,0.109062265,-0.99759103,0.001550215,-5.970433207,1.205208743,-2.215836325,0.146763675,1.583176069,0.029195979
1894-1,-3.760744088,10.96348231,-2.794796653,1.585534488,2.250570189,0.0118,0.0252,666,6.501289671,6.60349487,9.62590587,5.452800934,0.01199831,4.8819,3.591367807,1061.16279,16213.43636,0.0304,-4.262005264,-4.994789847,#N/A,-4.691287645,-0.006147205,0.005333346,0.619587054,0.065449592,0.031347205,0.075760046,-0.005820038,0.004283649,0.009541243,0.10350659,-0.963587817,0.005923372,-6.028864085,1.269886728,-2.268119997,0.094480003,1.585534488,-0.044412841
1895-1,-3.776699822,10.99308278,-2.809997831,1.588091694,2.250570189,0.0096,0.0239,657,6.487684018,6.656581767,9.648828843,5.470287069,0.009545923,4.8944,3.600640414,897.90698,16401.52727,0.036700001,-4.2720556,-4.993577556,#N/A,-4.701440016,-0.015955735,0.053086898,0.621389703,0.054745327,0.039855735,0.02960047,-0.010704264,0.002997051,0.009272607,0.103416151,-0.797076026,0.012717934,-6.045693953,1.287953044,-2.268994131,0.093605869,1.588091694,0.010255265
1896-1,-3.770296186,11.02721579,-2.838856641,1.584612291,2.250570189,0.0156,0.0228,648,6.473890696,6.714160438,9.684873816,5.489038217,0.015605671,4.8774,3.610231962,516.97674,16589.61818,0.058099999,-4.275060109,-4.980356855,#N/A,-4.691287645,0.006403637,0.05757867,0.653172747,0.031162667,0.016396363,0.034133006,-0.023582661,0.000971112,0.009591548,0.104003219,-0.960608738,-0.006151389,-6.033629615,1.310683419,-2.26333343,0.09926657,1.584612291,-0.017736643
1897-1,-3.764731786,11.03390477,-2.83436232,1.582539369,2.250570189,0.0192,0.0225,641,6.463029457,6.72245924,9.695950495,5.509553748,0.018326036,4.8673,3.619982498,526.04651,16777.70909,0.035,-4.260171497,-4.963792574,#N/A,-4.681237309,0.005564399,0.008298803,0.652169902,0.031353894,0.016935601,0.006688988,0.000191227,0.000983067,0.009750536,0.104930211,-0.969967347,-0.005397286,-6.019191589,1.30609833,-2.254459802,0.108140198,1.582539369,0.010246612
1898-1,-3.753126076,11.08586451,-2.805630995,1.579720698,2.250570189,0.0262,0.0228,634,6.452048954,6.743488053,9.712430927,5.533779018,0.024366392,4.8536,3.629787474,453.48837,16975.20455,0.038199999,-4.257175988,-4.944033227,#N/A,-4.661434682,0.011605711,0.021028812,0.632225617,0.026714751,0.011194289,0.051959739,-0.004639142,0.000713678,0.009804976,0.102106163,-0.881296013,-0.010228067,-6.034868269,1.346355511,-2.281742194,0.080857806,1.579720698,-0.04076545
1899-1,-3.728398777,11.13042634,-2.779823177,1.583401898,2.250570189,0.0335,0.0236,628,6.442540166,6.777582264,9.731879701,5.558708763,0.030558378,4.8715,3.639448194,326.51163,17172.7,0.041500001,-4.250200374,-4.926921056,#N/A,-4.642016596,0.024727299,0.034094211,0.634826298,0.019013413,-0.001127299,0.044561828,-0.007701339,0.00036151,0.00966072,0.099046637,-0.620563239,-0.015344853,-6.040563237,1.379350149,-2.31216446,0.05043554,1.583401898,-0.045689127
1900-1,-3.674270274,11.11579193,-2.728105342,1.583442952,2.257346066,0.037,0.0254,629,6.444131257,6.804044668,9.738734124,5.583210065,0.033510983,4.8717,3.648773523,408.13953,17370.19545,0.043800001,-4.200458282,-4.895728874,#N/A,-4.604276268,0.054128502,0.026462404,0.63727802,0.023496542,-0.028728502,-0.014634408,0.00448313,0.000552087,0.009325329,0.09955313,-0.254459741,-0.013773525,-5.981334078,1.353280823,-2.307063804,0.055536196,1.583442952,-0.014094095
1901-1,-3.682422775,11.12678777,-2.73417208,1.584858293,2.214174556,0.0317,0.0267,691,6.538139824,6.812712111,9.742350307,5.609901739,0.028599174,4.8786,3.658036767,544.18605,17567.69091,0.042800002,-4.195470741,-4.884835996,#N/A,-4.613578661,-0.008152501,0.008667443,0.636607598,0.030976527,0.034852501,0.010995835,0.007479985,0.000959545,0.009263244,0.098707599,-0.937678801,0.007644427,-5.998016123,1.352971019,-2.315593347,0.047006653,1.584858293,0.023856666
1902-1,-3.701052694,11.14484967,-2.700270512,1.584407243,2.199358965,0.0297,0.0266,745,6.613384218,6.814867285,9.744261467,5.637923366,0.026991764,4.8764,3.666546845,662.09302,17718.16364,0.049200001,-4.195470741,-4.883749866,#N/A,-4.613578661,-0.018629919,0.002155173,0.583625061,0.037368038,0.045229919,0.0180619,0.006391512,0.00139637,0.008510078,0.098952616,-0.74234978,0.013829916,-6.014166862,1.362504082,-2.313114168,0.049485832,1.584407243,0.027168019
1903-1,-3.69742155,11.12921495,-2.690514338,1.582724259,2.214174556,0.0338,0.0275,771,6.647688374,6.821305075,9.746188572,5.664689159,0.030664745,4.8682,3.674937771,789.06977,17878.04091,0.054699998,-4.191478719,-4.879417104,#N/A,-4.622968401,0.003631144,0.00643779,0.575817046,0.044136255,0.023868856,-0.015634714,0.006768216,0.001948009,0.008390926,0.099402975,-0.986986383,-0.003583889,-6.005994784,1.337886481,-2.308573233,0.054026767,1.582724259,0.03950357
1904-1,-3.701966016,11.14006497,-2.675099789,1.583442952,2.214174556,0.0268,0.0283,763,6.637258031,6.809470617,9.741735062,5.690277627,0.024372493,4.8717,3.683540532,1024.88372,18037.91818,0.041999998,-4.193480722,-4.87833684,#N/A,-4.632447145,-0.004544466,-0.011834458,0.556576725,0.056818293,0.032844466,0.010850016,0.012682038,0.003228318,0.008602761,0.097411497,-0.979765714,0.004452512,-6.030777053,1.339833584,-2.328811037,0.033788963,1.583442952,0.02199445
1905-1,-3.703147843,11.17771648,-2.654285371,1.582333895,2.228772769,0.0262,0.0278,755,6.626717749,6.82876382,9.760550207,5.71351057,0.023925378,4.8663,3.692186254,861.62791,18197.79545,0.044000001,-4.189488701,-4.871896154,#N/A,-4.632447145,-0.001181827,0.019293203,0.533471422,0.047347928,0.028981827,0.037651506,-0.009470365,0.002241826,0.008645722,0.095706834,-0.998605234,0.001180178,-6.049613414,1.36866074,-2.346465571,0.016134429,1.582333895,-0.008669679
1906-1,-3.695118199,11.20167655,-2.633895444,1.580482728,2.285125559,0.0397,0.0283,743,6.610696045,6.859085014,9.783118232,5.73575774,0.035496247,4.8573,3.700988516,625.81395,18357.67273,0.056799998,-4.189488701,-4.859137909,#N/A,-4.613578661,0.008029643,0.030321194,0.519259972,0.034090048,0.020270357,0.023960074,-0.01325788,0.001162131,0.008802262,0.096615241,-0.939430081,-0.007543289,-6.03213698,1.383873652,-2.337018781,0.025581219,1.580482728,-0.003689717
1907-1,-3.682731193,11.22287087,-2.592559833,1.582416089,2.338471407,0.0449,0.0297,730,6.593044534,6.880481653,9.791079848,5.754526285,0.040197052,4.8667,3.709622522,643.95349,18517.55,0.063400002,-4.17756013,-4.8371714,#N/A,-4.613578661,0.012387007,0.021396639,0.492244729,0.034775307,0.017312993,0.021194324,0.000685259,0.001209322,0.008634006,0.094171424,-0.866973393,-0.010739205,-6.045369687,1.396396664,-2.362638494,-3.84945E-05,1.582416089,-0.00388133
1908-1,-3.673718603,11.18347354,-2.594321921,1.582765341,2.285125559,0.0229,0.029,711,6.56667243,6.888513825,9.758393722,5.769409715,0.020337381,4.8684,3.718431949,1378.60465,18677.42727,0.043699999,-4.172572588,-4.829960441,#N/A,-4.613578661,0.00901259,0.008032172,0.503368659,0.073811271,0.01998741,-0.039397329,0.039035964,0.005448104,0.008809426,0.093954949,-0.924875352,-0.008335523,-6.038658484,1.348402569,-2.364939882,-0.002339882,1.582765341,0.059384739
1909-1,-3.685592578,11.21065529,-2.559656405,1.584325212,2.298731678,0.0228,0.0298,703,6.555356892,6.907335579,9.768650978,5.784947998,0.020138345,4.876,3.727366623,1369.53488,18846.70909,0.0398,-4.167585047,-4.828932277,#N/A,-4.613578661,-0.011873975,0.018821754,0.458389039,0.072667057,0.041673975,0.027181741,-0.001144214,0.005280501,0.008934674,0.093481624,-0.876430886,0.010406718,-6.055582969,1.366561693,-2.369990392,-0.007390392,1.584325212,0.014492234
1910-1,-3.680454851,11.23493904,-2.53442378,1.582601002,2.389115938,0.0316,0.0308,713,6.56948142,6.934442757,9.807147232,5.799818694,0.027164612,4.8676,3.736222175,843.48837,19006.58636,0.050100002,-4.158625306,-4.819757396,#N/A,-4.613578661,0.005137726,0.027107178,0.436569932,0.044378741,0.025662274,0.024283754,-0.028288316,0.001969473,0.008855552,0.09433381,-0.97428261,-0.005005597,-6.041370469,1.382398192,-2.360915618,0.001684382,1.582601002,0.00137852
1911-1,-3.667080813,11.26924037,-2.542764112,1.582272244,2.364114717,0.029,0.0315,685,6.529418838,6.963621297,9.832618751,5.813906447,0.024212651,4.866,3.744028478,544.18605,19175.86818,0.040300002,-4.157625805,-4.803627513,#N/A,-4.604276268,0.013374039,0.029178541,0.457955544,0.028378692,0.018125961,0.034301326,-0.016000049,0.00080535,0.007806302,0.093124584,-0.848273618,-0.011344844,-6.040897883,1.407832465,-2.373817071,-0.011217071,1.582272244,-0.016175365
1912-1,-3.644387888,11.28180598,-2.500134732,1.583114471,2.389115938,0.0362,0.0328,675,6.514712691,7.000949254,9.837778802,5.828077152,0.030018506,4.8701,3.747732839,607.67442,19335.74545,0.047399998,-4.128067003,-4.781854045,#N/A,-4.576877294,0.022692925,0.037327957,0.438861315,0.031427514,0.010107075,0.01256561,0.003048823,0.000987689,0.003704361,0.092873532,-0.660079582,-0.014979136,-6.020904468,1.412095219,-2.376516581,-0.013916581,1.583114471,-0.002458535
1913-1,-3.634843693,11.32158685,-2.495330891,1.582868039,2.413507314,0.0436,0.0339,661,6.49375384,7.03693383,9.858230073,5.843559895,0.036523551,4.8689,3.752409797,390,19505.02727,0.055799999,-4.132075024,-4.750086965,#N/A,-4.541468671,0.009544195,0.035984576,0.443355237,0.019994845,0.024355805,0.03978087,-0.011432669,0.000399794,0.004676959,0.093482432,-0.91651329,-0.008747381,-6.004825445,1.443159327,-2.369981752,-0.007381752,1.582868039,-0.015425065
1914-1,-3.642545304,11.34432633,-2.481056239,1.595257849,2.48490665,0.029,0.0346,651,6.478509642,7.122003668,9.855677653,5.859211794,0.029901782,4.9296,3.761134143,598.60465,19664.90455,0.0479,-4.135079533,-4.740128099,#N/A,-4.541459741,-0.007701611,0.085069838,0.433768784,0.030440252,0.042301611,0.022739487,0.010445407,0.000926609,0.008724346,0.091853247,-0.944006433,0.007270371,-6.030108423,1.457735503,-2.387563119,-0.024963119,1.595257849,0.019562124
1915-1,-3.517299521,11.405928,-2.450046003,1.559617217,2.564949357,0.0366,0.0382,1109,7.011213987,7.22783913,9.885974643,5.870358101,0.038100854,4.757,3.767433615,181.39535,19834.18636,0.0345,-4.017296498,-4.593082841,#N/A,-4.466128663,0.125245784,0.105835462,0.492363699,0.009145591,-0.087045784,0.061601661,-0.021294661,8.36418E-05,0.006299472,0.084687904,-0.059928662,-0.007505812,-5.986082016,1.510765684,-2.468782495,-0.106182495,1.559617217,-0.148647445
1916-1,-3.37780234,11.42504556,-2.328031052,1.561507379,2.63905733,0.052,0.0431,2141,7.669028289,7.332558415,9.900482031,5.875154273,0.058048812,4.766,3.771181439,63.48837,20003.46818,0.034200001,-3.850934961,-4.464902859,#N/A,-4.381123783,0.13949718,0.104719284,0.51173609,0.003173868,-0.09639718,0.01911756,-0.005971723,1.00734E-05,0.003747824,0.07982768,-0.048877137,-0.006818223,-5.905687308,1.521384609,-2.527884968,-0.165284968,1.561507379,-0.11551474
1917-1,-3.147163137,11.43223337,-2.11685065,1.561171611,2.772588722,0.0478,0.0458,4011,8.296795866,7.512846689,9.907581776,5.875420049,0.052306494,4.7644,3.773329022,90.69767,20172.75,0.047399998,-3.626192688,-4.219456135,#N/A,-4.211222542,0.230639204,0.180288274,0.530859125,0.004496049,-0.184839204,0.007187812,0.001322181,2.02145E-05,0.002147583,0.075116804,-0.018452077,-0.004255772,-5.735874133,1.520145404,-2.588710997,-0.226110997,1.561171611,-0.192027015
1918-1,-2.981700222,11.45349192,-1.977183882,1.561318523,2.772588722,0.0356,0.044,5872,8.67795057,7.68737146,9.914182907,5.883228958,0.040434722,4.7651,3.772492013,126.97674,20342.03182,0.058699999,-3.427341829,-4.003395624,#N/A,-3.963387828,0.165462914,0.17452477,0.556802183,0.006242087,-0.121462914,0.021258551,0.001746038,3.89637E-05,-0.000837009,0.080379459,-0.035238595,-0.005830681,-5.50269684,1.53304736,-2.520996618,-0.158396618,1.561318523,-0.142721465
1919-1,-2.82167568,11.34920201,-1.962075015,1.487451053,2.708050201,0.0392,0.0462,7435,8.913953859,7.84402527,9.899585626,5.898666212,0.043951983,4.4258,3.771611325,598.60465,20520.71818,0.054200001,-3.331122971,-3.870453003,#N/A,-3.695401754,0.160024542,0.15665381,0.627850389,0.029170746,-0.113824542,-0.104289904,0.022928658,0.000850932,-0.000880688,0.097945658,-0.037582888,-0.006014184,-5.145018141,1.420011716,-2.323342461,0.039257539,1.487451053,-0.009534638
1920-1,-2.653279981,11.26818607,-1.83053717,1.298637321,2.674148649,0.064,0.0532,7829,8.965590067,7.948385285,9.918376165,5.915912452,0.064293889,3.6643,3.777759917,390,20690,0.073699999,-3.187888803,-3.727630676,47.6774,-3.40585759,0.168395699,0.104360015,0.475894511,0.018849686,-0.115195699,-0.081015944,-0.01032106,0.000355311,0.006148592,0.12216441,-0.034063297,-0.005736113,-4.755667495,1.3307803,-2.102387515,0.260212485,1.298637321,-0.034179756
1921-1,-2.741087804,11.1836609,-1.990594059,1.347813374,2.686014522,0.0516,0.0521,7574,8.932476608,7.925880317,9.793114495,5.92744192,0.051003468,3.849,3.78582466,2210,20120,0.065300002,-3.277813511,-3.794567652,47.6774,-3.654182123,-0.087807823,-0.022504968,0.59731963,0.109840954,0.139907823,-0.084525174,0.090991268,0.012065035,0.008064744,0.099894493,-0.114807744,0.010081018,-5.044728524,1.274191272,-2.303640721,0.058959279,1.347813374,0.224432997
1922-1,-2.927287796,11.23364225,-2.041024899,1.488218981,2.609786664,0.0264,0.0443,7654,8.942983666,7.892078421,9.790878608,5.938173073,0.025176682,4.4292,3.79260864,1910,19780,0.044200001,-3.428636401,-4.012913741,47.8558,-3.854102587,-0.186199992,-0.033801895,0.601956084,0.096562184,0.230499992,0.049981349,-0.01327877,0.009324255,0.00678398,0.093520143,-0.028034419,0.005220009,-5.296866225,1.341215641,-2.369578428,-0.006978428,1.488218981,0.180518643
1923-1,-3.010426656,11.26489479,-2.017966203,1.520562982,2.765351345,0.0272,0.0431,7742,8.954415331,7.848153086,9.803667217,5.948790291,0.026084811,4.5748,3.797644169,1570,19670,0.049699998,-3.490511804,-4.092560376,47.8558,-3.862330727,-0.083138859,-0.043925335,0.528102529,0.07981698,0.126238859,0.031252543,-0.016745204,0.00637075,0.005035529,0.098950887,-0.126389176,0.010507852,-5.323558299,1.378044878,-2.313131643,0.049468357,1.520562982,0.094986316
1924-1,-3.029432163,11.30580469,-2.030933996,1.485483372,2.756840365,0.0346,0.0439,7641,8.941283764,7.832014181,9.819018396,5.963207321,0.033501587,4.4171,3.804771815,1400,19780,0.039000001,-3.497536419,-4.077137721,47.945,-3.837842932,-0.019005507,-0.016138906,0.486985205,0.070778564,0.062905507,0.040909903,-0.009038416,0.005009605,0.007127646,0.100741539,-0.734640875,0.013962223,-5.324629228,1.413378087,-2.295197065,0.067402935,1.485483372,0.021995605
1925-1,-3.017723837,11.3531874,-2.011052625,1.574618698,2.806850646,0.0414,0.0443,7598,8.935640334,7.824046011,9.830379081,5.980621498,0.0404064,4.8289,3.807972742,1560,20150,0.04,-3.49454091,-4.066984069,47.8558,-3.829807702,0.011708326,-0.00796817,0.567947487,0.077419355,0.032591674,0.047382704,0.006640791,0.005993757,0.003200927,0.096820921,-0.87944181,-0.010296791,-5.352616018,1.442227829,-2.334892181,0.027707819,1.574618698,-0.01479103
1926-1,-3.040688205,11.31525358,-2.006143435,1.580667999,2.765351345,0.0448,0.0455,7559,8.930494185,7.827639546,9.830379081,5.99647975,0.042639458,4.8582,3.811804801,1760,20350,0.0423,-3.502573082,-4.092560376,48.4356,-3.837842932,-0.022964368,0.003593536,0.546123229,0.086486486,0.068464368,-0.037933815,0.009067132,0.007479912,0.003832059,0.102076859,-0.65472355,0.015035313,-5.322717432,1.39441739,-2.282029227,0.080570773,1.580667999,0.106398183
1927-1,-3.065477515,11.39264024,-2.032944016,1.581244178,2.713165098,0.0426,0.0456,7555,8.929964875,7.842278779,9.859535665,6.013328822,0.039420896,4.861,3.815269785,1370,20510,0.0402,-3.526865775,-4.072044299,48.4356,-3.854100781,-0.02478931,0.014639233,0.548710679,0.066796685,0.07038931,0.077386664,-0.019689802,0.004461797,0.003464984,0.098103931,-0.619383016,0.015354077,-5.387205361,1.463972394,-2.321727846,0.040872154,1.581244178,-0.006997354
1928-1,-3.072105117,11.4051344,-2.025926474,1.582313345,2.686014522,0.0416,0.0447,7528,8.926384681,7.863266724,9.862665558,6.029898701,0.037376,4.8662,3.819425144,1540,20740,0.048400002,-3.529870284,-4.087395527,48.4356,-3.870631946,-0.006627602,0.020987945,0.536134702,0.074252652,0.051327602,0.012494156,0.007455967,0.005513456,0.004155359,0.096231775,-0.957923117,0.006348734,-5.413100788,1.465314919,-2.340995671,0.021604329,1.582313345,0.038833447
1929-1,-3.074589755,11.43431294,-2.026925959,1.580400374,2.63905733,0.0526,0.046,7500,8.9226583,7.869401713,9.877143577,6.04739537,0.046004893,4.8569,3.821485419,1500,20980,0.057800002,-3.538911028,-4.082249725,48.168,-3.870629385,-0.002484638,0.006134989,0.532736579,0.071496663,0.048484638,0.029178541,-0.002755988,0.005111773,0.002060275,0.095063614,-0.993864454,0.002469393,-5.427798749,1.482988059,-2.353208994,0.009391006,1.580400374,0.019306097
1930-1,-3.074046543,11.42686412,-2.072969898,1.581470443,2.46057468,0.0257,0.0446,7469,8.9185164,7.877776333,9.857967037,6.065178888,0.022056406,4.8621,3.825724102,2380,21490,0.0355,-3.567310503,-4.092560376,48.2126,-3.870631946,0.000543212,0.008374621,0.580393798,0.110749186,0.044056788,-0.007448824,0.039252522,0.012265382,0.004238683,0.093903982,-0.999705008,-0.000543052,-5.439529026,1.451521128,-2.365482483,-0.002882483,1.581470443,0.051505612
1931-1,-3.1065299,11.37409408,-2.201279346,1.511825084,2.1690537,0.0361,0.0453,7413,8.910990495,7.865571758,9.834673237,6.080918065,0.031085342,4.535,3.8302488,3250,21920,0.026300001,-3.61126239,-4.113506193,48.3018,-3.895947127,-0.032483357,-0.012204576,0.60657453,0.148266423,0.077783357,-0.052770036,0.037517238,0.021982932,0.004524698,0.097408863,-0.486578109,0.015805691,-5.435367972,1.37893934,-2.328838072,0.033761928,1.511825084,0.130553393
1932-1,-3.13994548,11.38194496,-2.323985152,1.254504309,1.865867679,0.0186,0.0376,7434,8.913819351,7.888334501,9.838949031,6.092990641,0.01587907,3.5061,3.835897615,3400,22150,0.0272,-3.637606366,-4.134892243,48.3018,-3.913192646,-0.033415581,0.022762743,0.438543981,0.153498871,0.071015581,0.007850874,0.005232448,0.023561904,0.005648815,0.098643485,-0.472455594,0.015787378,-5.45618857,1.37635218,-2.316243089,0.046356911,1.254504309,0.063164706
1933-1,-3.160872584,11.4108487,-2.337535495,1.443808267,1.778856584,0.0069,0.0338,7644,8.941676305,7.938802248,9.859013062,6.105483708,0.005955064,4.2368,3.839882328,3090,22220,0.0167,-3.658830002,-4.140316946,48.3018,-3.913189565,-0.020927104,0.050467747,0.620471178,0.139063906,0.054727104,0.028903746,-0.014434965,0.01933877,0.003984713,0.09984337,-0.695437534,0.014553493,-5.465025205,1.402100639,-2.304152621,0.058447379,1.443808267,0.025823357
1934-1,-3.162721025,11.47431828,-2.274106108,1.617267184,1.732336729,0.0082,0.0308,7822,8.964695555,7.941651253,9.887358171,6.123381274,0.007138549,5.0393,3.843015848,2610,22290,0.0088,-3.658830002,-4.129504664,48.2572,-3.913192646,-0.00184844,0.002849005,0.728652267,0.117092867,0.03264844,0.063469574,-0.02197104,0.013710739,0.00313352,0.096575352,-0.996594902,0.001842146,-5.500152751,1.462424849,-2.337431726,0.025168274,1.617267184,-0.030821134
1935-1,-3.156245702,11.51192656,-2.286992884,1.589602485,1.708238358,0.0058,0.0289,7800,8.961879013,7.976595409,9.904986429,6.141508664,0.004971429,4.9018,3.84733514,2440,22470,0.0075,-3.651854388,-4.113506193,48.2572,-3.904531184,0.006475323,0.034944156,0.720349667,0.10858923,0.022424677,0.03760828,-0.008503637,0.011791621,0.004319292,0.0948721,-0.959757552,-0.00621474,-5.511471311,1.491990191,-2.355225609,0.007374391,1.589602485,-0.015183603
1936-1,-3.156003356,11.55641564,-2.246326486,1.60360091,1.75586628,0.0061,0.0294,7796,8.961366061,8.03915739,9.936438653,6.161450035,0.005218452,4.9709,3.851869523,2100,22770,0.0075,-3.644878775,-4.087395527,48.2126,-3.879001908,0.000242345,0.062561981,0.69392404,0.092226614,0.029157655,0.044489082,-0.016362616,0.008505748,0.004534383,0.096041438,-0.999941272,-0.000242331,-5.498978893,1.523216479,-2.342975537,0.019624463,1.60360091,-0.015331428
1937-1,-3.120536466,11.59111053,-2.237646991,1.59817472,1.865867679,0.0058,0.0328,7797,8.961494323,8.084562415,9.969275293,6.182047551,0.00511344,4.944,3.85627771,1780,23140,0.0094,-3.611443998,-4.061949316,48.0788,-3.845936791,0.03546689,0.045405025,0.715285244,0.076923077,-0.00266689,0.034694888,-0.015303537,0.00591716,0.004408188,0.09563317,-0.442889356,-0.015707908,-5.467772024,1.541792525,-2.347235558,0.015364442,1.59817472,-0.037361778
1938-1,-3.080420676,11.60293565,-2.242597515,1.587069597,1.801328539,0.0064,0.0338,8026,8.990441551,8.079618029,9.972080344,6.202229337,0.005797274,4.8894,3.860603387,2160,23580,0.0086,-3.595570649,-4.022530381,48.0342,-3.806095542,0.04011579,-0.004944386,0.749246435,0.091603053,-0.00631579,0.011825128,0.014679977,0.008391119,0.004325677,0.094748414,-0.38324798,-0.015374296,-5.436950852,1.53478148,-2.356530175,0.006069825,1.587069597,-0.018140918
1939-1,-3.038306524,11.61307219,-2.250069511,1.489617803,2.079441542,0.0123,0.0372,8223,9.014690385,8.093156698,10.01054662,6.206575927,0.0113978,4.4354,3.866209407,1340,23600,0.0072,-3.567955482,-4.012913741,48.0342,-3.798307967,0.042114152,0.013538668,0.70138079,0.056779661,-0.004914152,0.010136539,-0.034823392,0.00322393,0.00560602,0.094181923,-0.360542024,-0.015183922,-5.400833535,1.544070202,-2.362527011,7.29891E-05,1.489617803,-0.015050691
1940-1,-2.952642404,11.7084529,-2.238882302,1.342864803,2.302585093,0.0104,0.034,8931,9.09728365,8.190631681,10.0471549,6.211603589,0.009860826,3.83,3.875898295,710,23800,0.0081,-3.412662598,-3.760541915,48.0342,-3.695281569,0.08566412,0.097474983,0.629104701,0.029831933,-0.05166412,0.095380704,-0.026947728,0.000889944,0.009688888,0.090361484,-0.119927927,-0.01027352,-5.356579564,1.631012037,-2.403937159,-0.041337159,1.342864803,-0.147044824
1941-1,-2.868551731,11.79552304,-2.162745647,1.394212926,2.48490665,0.0103,0.0313,11398,9.34119318,8.332067707,10.0837236,6.216606101,0.009618291,4.0318,3.875690916,250,24200,0.007,-3.31010601,-3.671670128,48.0342,-3.608264631,0.084090673,0.141436026,0.688406843,0.010330579,-0.052790673,0.087070143,-0.019501354,0.000106721,-0.000207379,0.08616318,-0.123896679,-0.010418555,-5.320064068,1.701415128,-2.451512337,-0.088912337,1.394212926,-0.139860817
1942-1,-2.799234837,11.81978988,-2.04001123,1.395006302,2.63905733,0.0103,0.0303,14073,9.552013347,8.473868067,10.11819563,6.221583712,0.009955806,4.035,3.879499814,110,24900,0.0069,-3.241513218,-3.553133081,48.0342,-3.534161773,0.069316894,0.141800359,0.635782695,0.004417671,-0.039016894,0.024266836,-0.005912908,1.95158E-05,0.003808898,0.087464596,-0.172270279,-0.011941241,-5.235756024,1.697166794,-2.436521187,-0.073921187,1.395006302,-0.06328373
1943-1,-2.754816195,11.84163162,-1.916279466,1.395006302,2.772588722,0.0103,0.031,16855,9.732402628,8.589699882,10.12743078,6.226536669,0.010437946,4.035,3.887504878,80,25100,0.0072,-3.208078442,-3.458096218,48.0342,-3.487636859,0.044418642,0.115831816,0.556469573,0.003187251,-0.013418642,0.021841742,-0.00123042,1.01586E-05,0.008005064,0.086550995,-0.336358798,-0.014940601,-5.201837693,1.711008493,-2.447021498,-0.084421498,1.395006302,-0.035260384
1944-1,-2.697112775,11.80132389,-1.844604402,1.395006302,2.890371758,0.0103,0.0314,19594,9.882978676,8.713088868,10.11577236,6.231465215,0.010642091,4.035,3.892146775,70,24800,0.0075,-3.181436511,-3.441749012,48.0342,-3.443188699,0.05770342,0.123388986,0.54249793,0.002822581,-0.02630342,-0.040307724,-0.00036467,7.96696E-06,0.004641898,0.087893673,-0.230963699,-0.013327395,-5.128740233,1.682724962,-2.431627459,-0.069027459,1.395006302,0.014004303
1945-1,-2.668447624,11.75663841,-1.801385259,1.393816003,2.772588722,0.0093,0.0292,22398,10.01672695,8.809564253,10.09410791,6.23636959,0.009780412,4.0302,3.895527703,100,24300,0.0075,-3.153821344,-3.447169766,47.9896,-3.395430321,0.02866515,0.096475385,0.526753637,0.004115226,0.00053485,-0.044685489,0.001292646,1.69351E-05,0.003380927,0.091674301,-0.548940566,-0.015735464,-5.057960814,1.658406776,-2.389513189,-0.026913189,1.393816003,0.045220339
1946-1,-2.619325111,11.71197279,-1.792644651,1.394460924,2.708050201,0.0053,0.026,24669,10.11330267,8.908694593,10.04324949,6.240275845,0.005383126,4.0328,3.896239092,400,23400,0.0081,-3.123292139,-3.407214646,47.0976,-3.311015543,0.049122513,0.099130339,0.567780464,0.017094017,-0.023122513,-0.044665617,0.012978791,0.000292205,0.000711389,0.094381167,-0.292995534,-0.014392677,-4.979738836,1.651481486,-2.360413725,0.002186275,1.394460924,0.021543104
1947-1,-2.544920142,11.69710526,-1.715039153,1.393418921,2.63905733,0.0053,0.0276,25631,10.15155784,8.991562278,10.0475879,6.24369815,0.005229421,4.0286,3.902356434,300,23400,0.0103,-3.055633491,-3.334226425,44.9122,-3.23316973,0.074404969,0.082867686,0.563537933,0.012820513,-0.046804969,-0.01486753,-0.004273504,0.000164366,0.006117342,0.096542983,-0.152996448,-0.011383696,-4.88268709,1.636613956,-2.337766949,0.024833051,1.393418921,-0.031937439
1948-1,-2.479329157,11.72869792,-1.651232968,1.394088905,2.658105471,0.0056,0.0321,25621,10.15116761,9.008591318,10.04585479,6.260923469,0.00513339,4.0313,3.912302966,300,23360,0.014400001,-2.981454092,-3.248228048,44.7784,-3.162078005,0.065590984,0.017029039,0.565992715,0.012842466,-0.033490984,0.031595051,2.19529E-05,0.000164929,0.009946532,0.093613979,-0.188601768,-0.012370576,-4.84790472,1.669919872,-2.368575563,-0.005975563,1.394088905,-0.065083643
1949-1,-2.450463004,11.76543362,-1.664368373,1.304867362,2.579634084,0.0063,0.033,25168,10.13332863,9.024010794,10.0471549,6.280007468,0.005759566,3.6872,3.918243617,270,23360,0.0149,-2.953838925,-3.206782236,44.6892,-3.131681722,0.028866154,0.015419476,0.518772732,0.011558219,0.004133846,0.032694192,-0.001284247,0.000133592,0.005940651,0.090312893,-0.545477906,-0.015745849,-4.854938055,1.702614063,-2.404475051,-0.041875051,1.304867362,-0.032601862
1950-1,-2.448483316,11.80101745,-1.645070717,1.029869386,2.629395086,0.0069,0.0355,25802,10.15820729,9.033841828,10.05492026,6.302521682,0.006269435,2.8007,3.923259637,330,23600,0.0145,-2.92330972,-3.160845498,44.6892,-3.107967843,0.001979688,0.009831035,0.226456787,0.013983051,0.033520312,0.031318225,0.002424832,0.000195526,0.00501602,0.089765072,-0.996096135,-0.00197196,-4.859042651,1.723710734,-2.410559336,-0.047959336,1.029869386,-0.002063517
1951-1,-2.360987943,11.81959365,-1.581599279,1.02947655,2.822979985,0.0091,0.0379,25922,10.16284731,9.04274978,10.06815417,6.322483531,0.008444697,2.7996,3.91780625,260,23840,0.021600001,-2.836215013,-3.067392018,44.6892,-3.029126085,0.087495373,0.008907951,0.250087885,0.01090604,-0.049595373,0.026916642,-0.003077011,0.000118942,-0.005453387,0.08851748,-0.115534273,-0.010108714,-4.785543177,1.740509246,-2.424555234,-0.061955234,1.02947655,-0.068171574
1952-1,-2.287740583,11.82731276,-1.569501112,1.026973062,2.704196786,0.0271,0.0423,25891,10.1616507,9.057655284,10.06730564,6.342861902,0.025609879,2.7926,3.920606065,370,23930,0.023299999,-2.748204136,-2.988780728,44.6446,-2.947809076,0.07324736,0.014905505,0.30873359,0.015461763,-0.03094736,0.000519097,0.004555723,0.000239066,0.002799815,0.088385113,-0.157104855,-0.011507516,-4.713792309,1.737260283,-2.426051726,-0.063451726,1.026973062,-0.038666462
1953-1,-2.255457642,11.86558034,-1.554425488,1.034144876,2.648627107,0.0277,0.0408,26051,10.16781143,9.088059737,10.0728083,6.365992,0.026670132,2.8127,3.923813227,360,24050,0.0252,-2.717674931,-2.930380952,44.6446,-2.902686225,0.032282941,0.030404453,0.333112722,0.014968815,0.008517059,0.037648655,-0.000492949,0.000224065,0.003207161,0.086641468,-0.489670813,-0.015808014,-4.70143438,1.769906844,-2.445976738,-0.083376738,1.034144876,-0.029750523
1954-1,-2.237730486,11.90682394,-1.540802911,1.032721743,2.686014522,0.0184,0.0376,26583,10.18802719,9.125762396,10.08747439,6.39090895,0.017933442,2.8087,3.927207141,310,24350,0.0158,-2.699835013,-2.867567283,44.6,-2.860671427,0.017727156,0.037702658,0.335794167,0.012731006,0.019872844,0.04029569,-0.002237809,0.000162079,0.003393914,0.08635694,-0.760889048,-0.013488399,-4.686996588,1.79780568,-2.449266102,-0.086666102,1.032721743,-0.021370754
1955-1,-2.200281119,11.94260177,-1.54201278,1.026507437,2.648627107,0.0375,0.0417,26934,10.20114471,9.131946305,10.09987637,6.414344057,0.038189487,2.7913,3.930766248,240,24580,0.021800001,-2.655818128,-2.785770259,44.6,-2.798904448,0.037449367,0.006183909,0.368239098,0.009764036,0.004250633,0.033998787,-0.00296697,9.53364E-05,0.003559107,0.086438306,-0.416240871,-0.015587957,-4.648605465,1.822403213,-2.448324345,-0.085724345,1.026507437,-0.031527199
1956-1,-2.141090417,11.95634767,-1.488532709,1.027319327,2.648627107,0.0505,0.0474,27039,10.20503555,9.124237673,10.10683648,6.437242512,0.054248283,2.7957,3.935426983,260,24770,0.033099999,-2.607980798,-2.7075633,44.6,-2.716572738,0.059190703,-0.007708632,0.37476162,0.010496568,-0.011790703,0.009239954,0.000732533,0.000110178,0.004660735,0.087863647,-0.22204758,-0.013143152,-4.573059543,1.823943028,-2.431969127,-0.069369127,1.028082522,-0.025536601
1957-1,-2.101188187,11.97303026,-1.464560214,1.029059631,2.658105471,0.0498,0.0498,27008,10.2038884,9.145588495,10.10479441,6.462138061,0.054342729,2.7932,3.94022166,330,24790,0.038099999,-2.571648869,-2.654519446,44.4662,-2.669260081,0.039902229,0.021350822,0.392431658,0.013311819,0.009897771,0.016439037,0.002815251,0.000177205,0.004794677,0.086614515,-0.385774504,-0.015393263,-4.547476056,1.839574963,-2.446287869,-0.083687869,1.027187892,-0.006784824
1958-1,-2.056313449,11.97093875,-1.420064218,1.045306285,2.599836731,0.0474,0.0498,27232,10.21214803,9.180293451,10.09534681,6.485962751,0.051444435,2.8098,3.944528917,450,24680,0.0246,-2.542090067,-2.620659949,44.4216,-2.626825685,0.044874738,0.034704956,0.409057053,0.018233387,0.004925262,0.003195343,0.004921568,0.000332456,0.004307257,0.085684117,-0.331813396,-0.014890039,-4.513401253,1.847217453,-2.457087803,-0.094487803,1.033113306,0.007016778
1959-1,-2.038973437,12.01058682,-1.421569539,1.047061603,2.599836731,0.0349,0.0482,27376,10.217422,9.222466552,10.08330598,6.51309709,0.03747216,2.8088,3.950397207,480,24420,0.0397,-2.536107995,-2.593678023,44.377,-2.603549388,0.017340012,0.042173101,0.429657704,0.01965602,0.030859988,0.041916002,0.001422632,0.000386359,0.00586829,0.081769992,-0.76883096,-0.013331538,-4.542818383,1.899724185,-2.503844946,-0.141244946,1.032757346,-0.008788085
1960-1,-2.021317011,12.06504465,-1.403323731,1.046457882,2.58978605,0.0505,0.0542,27733,10.23037832,9.258654232,10.09452105,6.541942022,0.054719962,2.8076,3.958372097,380,24590,0.038499999,-2.526157664,-2.537419769,43.3066,-2.531394548,0.017656427,0.03618768,0.428464603,0.015453436,0.036543573,0.051925287,-0.004202583,0.000238809,0.007974891,0.080700899,-0.762340735,-0.013460213,-4.538322574,1.944712084,-2.517005564,-0.154405564,1.032330026,-0.01791426
1961-1,-1.988950823,12.09157608,-1.383302036,1.042914858,2.569377232,0.0532,0.062,28252,10.24891953,9.280052984,10.10520316,6.575215203,0.058786943,2.8022,3.966643758,350,24820,0.0297,-2.492722888,-2.469741475,42.5484,-2.455729863,0.032366187,0.021398752,0.437266071,0.014101531,0.029633813,0.023069711,-0.001351905,0.000198853,0.00827166,0.081494546,-0.48838377,-0.015807121,-4.496170006,1.958471872,-2.507219183,-0.144619183,1.030404823,0.003102386
1962-1,-1.957416285,12.10592629,-1.370619815,1.038745388,2.55901486,0.0441,0.0598,28674,10.26374607,9.29880902,10.11009514,6.606900601,0.048213309,2.8078,3.975448407,470,25060,0.0326,-2.450621712,-2.43556741,42.4146,-2.405788117,0.031534538,0.018756036,0.451948918,0.018754988,0.028265462,0.010756231,0.004653457,0.00035175,0.00880465,0.081968536,-0.501397114,-0.015811327,-4.458836103,1.959604933,-2.501419818,-0.138819818,1.032401259,0.01391525
1963-1,-1.935817335,12.1446918,-1.349070778,1.036961729,2.599836731,0.0382,0.0558,29848,10.30387311,9.345570321,10.11172049,6.63965883,0.040842767,2.8,3.980653144,560,25190,0.0355,-2.430819085,-2.393954942,42.3254,-2.37052303,0.02159895,0.046761301,0.450215172,0.022231044,0.03420105,0.042088589,0.003476056,0.000494219,0.005204737,0.079898428,-0.681888871,-0.014728083,-4.462816433,1.996519381,-2.526999098,-0.164399098,1.029619417,-0.00456446
1964-1,-1.90540088,12.19876602,-1.342475847,1.035222811,2.629395086,0.0481,0.0603,30226,10.31645776,9.393494915,10.12543038,6.679608407,0.051776586,2.7921,3.986852146,400,25370,0.0397,-2.398351895,-2.310346008,41.8794,-2.305638577,0.030416455,0.047924594,0.472297778,0.015766654,0.029883545,0.053350921,-0.006464391,0.000248587,0.006199002,0.078591734,-0.519437141,-0.015799437,-4.448889624,2.042750018,-2.543488745,-0.180888745,1.026794001,-0.024190672
1965-1,-1.864339474,12.22778032,-1.329303948,1.034315897,2.629395086,0.0629,0.0642,30441,10.32354566,9.44951474,10.13499602,6.718899174,0.067921304,2.7959,3.993012957,350,25560,0.043800001,-2.351468309,-2.232383894,41.032,-2.226020421,0.041061406,0.056019825,0.499280371,0.013693271,0.023138594,0.022022097,-0.002073383,0.000187506,0.006160811,0.078486985,-0.372295407,-0.015286973,-4.409161943,2.057310859,-2.544822469,-0.182222469,1.028154058,-0.005875709
1966-1,-1.826149135,12.24679223,-1.288177177,1.03663087,2.63905733,0.0643,0.068,31341,10.35268242,9.489410468,10.13855967,6.758389293,0.07049214,2.793,3.998200702,360,25660,0.055500002,-2.313209597,-2.168351732,40.586,-2.150144283,0.038190339,0.039895727,0.498658912,0.014029618,0.029809661,0.019072418,0.000336347,0.00019683,0.005187745,0.07937959,-0.406751754,-0.015533987,-4.359663136,2.072478547,-2.533514001,-0.170914001,1.027116287,0.010797746
1967-1,-1.798418855,12.26852618,-1.232928544,1.034968082,2.609786664,0.0608,0.0669,31986,10.37305359,9.532133974,10.12502982,6.799615237,0.065718295,2.7504,4.003690194,560,25520,0.050999999,-2.288516984,-2.133523032,40.4968,-2.109436041,0.027730279,0.042723506,0.46947777,0.021943574,0.039169721,0.024340027,0.007913956,0.00048152,0.005489492,0.0774595,-0.565301226,-0.015675961,-4.356418915,2.102289475,-2.558000059,-0.195400059,1.011746356,0.017435773
1968-1,-1.767275563,12.31124764,-1.140582914,0.978535581,2.599836731,0.0742,0.0739,34194,10.43980547,9.601030195,10.11980788,6.841535185,0.079039567,2.3935,4.008223698,590,25420,0.059000001,-2.242588052,-2.058193032,40.4522,-2.039366053,0.031143292,0.06889622,0.351842932,0.023210071,0.042756708,0.041126493,0.001266497,0.000538707,0.004533504,0.076679667,-0.507638787,-0.015809543,-4.335394262,2.147342161,-2.568118698,-0.205518698,0.87275673,3.52461E-05
1969-1,-1.732141454,12.33565249,-1.106952621,0.940764819,2.63905733,0.0848,0.0888,33983,10.43361568,9.651043916,10.11980788,6.8809649,0.089176985,2.3901,4.012103607,580,25410,0.078299999,-2.189995602,-1.981819675,40.4076,-1.98785454,0.035134109,0.050013721,0.315575986,0.022825659,0.053665891,0.020532411,-0.000384412,0.000521011,0.003879909,0.075982724,-0.447546309,-0.015724141,-4.309390739,2.168268041,-2.577249285,-0.214649285,0.871335206,0.029261043
1970-1,-1.657004122,12.35578922,-1.101545431,0.93469941,2.708050201,0.0826,0.0916,33079,10.40665392,9.712811191,10.11658077,6.91965296,0.084858906,2.3959,4.014958583,620,25370,0.0771,-2.127960211,-1.867778879,40.3184,-1.8867671,0.075137332,0.061767276,0.379240719,0.024438313,0.016462668,0.02219664,0.001612654,0.000597231,0.002854976,0.076011323,-0.150475079,-0.011306296,-4.233877088,2.192040105,-2.576872966,-0.214272966,0.873758943,-0.003674065
1971-1,-1.552250337,12.37254849,-1.055508952,0.929472567,2.772588722,0.0641,0.0905,33442,10.41756787,9.820377646,10.10479441,6.956657675,0.063929345,2.4442,4.018363041,750,25210,0.051100001,-2.038119507,-1.761200737,40.1846,-1.760045818,0.104753785,0.107566454,0.432731182,0.029750099,-0.014253785,0.020701509,0.005311786,0.000885068,0.003404458,0.075262356,-0.083518777,-0.008748908,-4.13902553,2.219068247,-2.586775193,-0.224175193,0.893717871,-0.031013048
1972-1,-1.456159489,12.40010042,-0.961727265,0.916937615,2.890371758,0.0611,0.0911,35840,10.48681987,9.998888637,10.10356716,6.992108036,0.054996109,2.5008,4.021648413,840,25270,0.046900001,-1.969526716,-1.639960353,40.0954,-1.625469436,0.096090847,0.178510991,0.422505391,0.033240997,-0.004990847,0.035908498,0.003490898,0.001104964,0.003285372,0.075827742,-0.097718746,-0.009389877,-4.035450547,2.252599564,-2.579291057,-0.216691057,0.916610681,-0.032542778
1973-1,-1.379080317,12.4719193,-0.797173368,0.8406473,3.295836866,0.1043,0.1085,37156,10.52288054,10.23426503,10.12703102,7.027698983,0.095919586,2.451,4.024154546,600,25610,0.081499996,-1.881515838,-1.513261831,39.9616,-1.491668287,0.077079172,0.235376396,0.25874035,0.023428348,0.031420828,0.069487305,-0.009812649,0.000548888,0.002506132,0.076209685,-0.144067334,-0.011104591,-3.953347044,2.308721891,-2.574266726,-0.211666726,0.896496105,-0.040398057
1974-1,-1.223755198,12.45680802,-0.712853343,0.764792185,3.871201011,0.1306,0.1495,40448,10.60777248,10.40955186,10.12902823,7.060758009,0.113581649,2.3403,4.024726495,600,25660,0.098400002,-1.733095833,-1.349855358,39.9616,-1.309052697,0.155325119,0.175286826,0.25389033,0.023382697,-0.005825119,-0.013208155,-4.56515E-05,0.000546751,0.000571949,0.079669554,-0.039799581,-0.006181875,-3.753622966,2.293563277,-2.529867768,-0.167267768,0.850279126,0.009286164
1975-1,-0.981073765,12.44886587,-0.667256089,0.718434009,3.850147602,0.1062,0.1466,46404,10.74514094,10.50451944,10.12422822,7.091489987,0.093821645,2.2216,4.024333315,940,25880,0.063200002,-1.51637285,-1.114613574,39.917,-1.048693267,0.242681433,0.094967585,0.404616333,0.036321484,-0.096081433,-0.006240432,0.012938787,0.00131925,-0.00039318,0.081254886,-0.016696086,-0.00405183,-3.491238094,2.278785735,-2.510164329,-0.147564329,0.798227657,-0.088139287
1976-1,-0.843587927,12.47492734,-0.60484983,0.631701644,3.891820298,0.1119,0.1425,56572,10.94326944,10.57997167,10.11819563,7.120894675,0.080056091,1.8049,4.024154546,1300,26090,0.0607,-1.363245847,-0.97021893,39.917,-0.872041338,0.137485837,0.075452228,0.392963546,0.04982752,0.005014163,0.026005521,0.013506036,0.002482782,-0.000178769,0.081831559,-0.050245309,-0.006908018,-3.346680227,2.296709626,-2.5030923,-0.1404923,0.590505189,-0.021047306
1977-1,-0.727923999,12.50027094,-0.602906894,0.492943708,4.007333185,0.0789,0.1231,67166,11.11492245,10.67009428,10.11900208,7.14866016,0.057717396,1.7455,4.023689596,1400,26210,0.0572,-1.215982681,-0.884307654,39.917,-0.808530117,0.115663928,0.090122609,0.367926602,0.053414727,0.007436072,0.023464384,0.003587207,0.002853133,-0.00046495,0.075790513,-0.069550004,-0.008044427,-3.307706155,2.315585092,-2.579782156,-0.217182156,0.557041048,-0.017907529
1978-1,-0.613783013,12.52906877,-0.537260062,0.509758677,4.025351691,0.0895,0.1192,79180,11.27947902,10.78700713,10.12502982,7.175566222,0.066091551,1.9197,4.023474931,1380,26340,0.0726,-1.136619193,-0.763569556,39.917,-0.67623635,0.114140986,0.116912847,0.433235725,0.0523918,0.005059014,0.031794002,-0.001022928,0.002744901,-0.000214665,0.075441372,-0.071285163,-0.008136559,-3.198182474,2.342431415,-2.58439946,-0.22179946,0.652168924,-0.023738816
1979-1,-0.494478485,12.55657105,-0.456354684,0.538296168,4.262679877,0.1344,0.1138,86885,11.37234068,10.91859141,10.1396263,7.203107858,0.097705812,2.1223,4.024583539,1300,26627,0.1015,-1.020946917,-0.619896694,39.8724,-0.53490127,0.119304529,0.131584285,0.500172368,0.048817124,-0.005504529,0.026443191,-0.003574676,0.002383112,0.001108608,0.076056848,-0.065644492,-0.007831685,-3.070752698,2.357924903,-2.576274214,-0.213674214,0.752500406,-0.033006811
1980-1,-0.324807006,12.53595177,-0.318391548,0.600891547,4.605170186,0.1588,0.1186,95313,11.46492149,11.06682584,10.13693781,7.228098134,0.108701761,2.3281,4.026172782,1660,26919,0.1116,-0.869953123,-0.430782877,39.7386,-0.355649336,0.169671478,0.148234432,0.594476089,0.061847988,-0.051071478,-0.021039837,0.013030865,0.003825174,0.001589243,0.077663083,-0.033570103,-0.005695889,-2.88018226,2.329030153,-2.555375254,-0.192775254,0.845052484,-0.030452191
1981-1,-0.228687798,12.52439546,-0.204962417,0.703860198,4.644390899,0.1313,0.13,113036,11.63546163,11.21407459,10.10716282,7.246795644,0.081909981,2.0254,4.02656524,2520,27038,0.1468,-0.761827426,-0.310609463,39.7386,-0.234288479,0.096119208,0.147248742,0.680134817,0.094240838,0.033880792,-0.013314009,0.03239285,0.008881335,0.000392458,0.077502229,-0.097666721,-0.009387648,-2.786136386,2.319448884,-2.557448588,-0.194848588,0.705767212,0.045437099
1982-1,-0.16061266,12.54160873,-0.137450659,0.636813607,4.59511985,0.116,0.119,118390,11.68173954,11.31913438,10.08188475,7.265989007,0.067070827,1.7489,4.025976496,2920,26826,0.1222,-0.684454088,-0.220646574,39.694,-0.124951929,0.068075138,0.105059798,0.613651606,0.109445277,0.050924862,0.020708486,0.01520444,0.011978269,-0.000588744,0.077793402,-0.177486717,-0.012082433,-2.714311316,2.342403721,-2.553698656,-0.191098656,0.558987019,0.033711591
1983-1,-0.105552773,12.57814642,-0.08579689,0.60258145,4.510859507,0.0967,0.1024,127927,11.75921507,11.41079307,10.07559041,7.285780671,0.054164997,1.5158,4.027011028,3100,26856,0.0912,-0.637638026,-0.139262073,39.694,-0.039011408,0.055059886,0.091658683,0.582825567,0.117474634,0.047340114,0.035599274,0.00705228,0.013571681,0.001034532,0.076540647,-0.248041028,-0.013657111,-2.675486113,2.380630131,-2.569933339,-0.207333339,0.415943352,0.010802427
1984-1,-0.052869744,12.59811811,-0.023424736,0.579307206,4.49980967,0.0933,0.1016,142885,11.86979539,11.50569942,10.100944,7.307068168,0.050006323,1.3364,4.029308139,3160,27526,0.0999,-0.59764234,-0.081209976,39.694,0.018148914,0.052683029,0.094906353,0.549862198,0.12054292,0.048916971,0.026355077,6.45969E-05,0.013586736,0.002297112,0.076774304,-0.264865474,-0.013953915,-2.619755024,2.382851867,-2.56688528,-0.20428528,0.289979432,0.028945276
1985-1,0,12.63753358,0,0.515992103,4.442651256,0.1158,0.1011,158029,11.97053384,11.61579789,10.10536661,7.329224961,0.058449739,1.2976,4.032469159,3270,27744,0.0851,-0.551644925,0,39.694,0.12350943,0.052869744,0.110098468,0.515992103,0.116133721,0.048230256,0.035365643,0.001959049,0.014047276,0.003161019,0.078986427,-0.26349004,-0.013930651,-2.538479246,2.408724923,-2.538479246,-0.175879246,0.260516404,0.008814786
1986-1,0.025932982,12.67523217,-0.04779662,0.491765435,4.191167531,0.1042,0.0947,171455.9995,12.05208195,11.76344291,10.11115192,7.349809435,0.046842646,1.4672,4.035408098,3290,27906,0.068,-0.523471005,0.07603469,39.694,0.200470471,0.025932982,0.147645021,0.565495037,0.115883863,0.068767018,0.039341767,-0.000515464,0.013925354,0.002938939,0.080934995,-0.597900339,-0.015505339,-2.488175992,2.443100843,-2.514108974,-0.151508974,0.383355823,0.031068431
1987-1,0.075407723,12.72011409,-0.046638119,0.416403251,4.209917531,0.0933,0.0931,185796.0006,12.13240458,11.95187048,10.13535296,7.373499851,0.036194679,1.6392,4.038162143,2960,28179,0.0666,-0.493140897,0.151002885,39.694,0.277945748,0.049474742,0.188427571,0.538449094,0.107424335,0.043625258,0.044610583,-0.012592633,0.011111923,0.002754045,0.081295397,-0.290044224,-0.014349863,-2.434258154,2.483022001,-2.509665878,-0.147065878,0.494208318,-0.001256666
1988-1,0.138049239,12.76398412,0.003393714,0.461119034,4.239500864,0.0997,0.0912,197440.9991,12.19319508,12.11000768,10.16854051,7.401536468,0.01939007,1.7796,4.040767961,2445,28515,0.0757,-0.454405608,0.234281347,39.744,0.357322653,0.062641516,0.158137201,0.59577456,0.08834173,0.028558484,0.049095259,-0.01969882,0.007346939,0.002605819,0.081741688,-0.203088591,-0.012721777,-2.366141908,2.517860145,-2.504191147,-0.141591147,0.57638862,-0.015311548
1989-1,0.212463733,12.78464476,0.075289272,0.488695412,4.291167531,0.1342,0.0922,194622.7406,12.1788183,12.27336674,10.19425237,7.432069521,0.023384123,1.6383,4.044261062,2082,28831,0.0921,-0.403354475,0.321376054,39.919,0.44001303,0.074414493,0.163359061,0.625869873,0.074295295,0.017785507,0.022557787,-0.012834748,0.005311427,0.003493101,0.083816009,-0.152963279,-0.011382685,-2.266667516,2.524823142,-2.479131249,-0.116531249,0.493659119,-0.002875133
1990-1,0.289377109,12.79102196,0.098342554,0.423568072,4.275334198,0.1416,0.1084,189373.2454,12.15147519,12.41124365,10.19880292,7.46026013,0.022882383,1.7864,4.047794387,2053,28924,0.081,-0.335964339,0.414099774,39.944,0.529605477,0.076913289,0.137876912,0.614602626,0.072809301,0.031486624,0.007763375,-0.003832083,0.004767551,0.003533325,0.085161062,-0.144599204,-0.011121613,-2.173833863,2.526110622,-2.463210971,-0.100610971,0.580202422,0.025109429
1991-1,0.357153408,12.77804916,0.12056682,0.439375063,4.254417531,0.1095,0.0998,194536.4192,12.17837467,12.49548697,10.17206326,7.483075673,0.016615548,1.7685,4.052080556,2530,28692,0.0569,-0.263336063,0.491246447,39.669,0.613740873,0.062590005,0.084243316,0.664685374,0.089630687,0.043299977,-0.014022228,0.015452286,0.007140206,0.004286169,0.08631065,-0.238535247,-0.013477247,-2.103925154,2.515077413,-2.449802285,-0.087202285,0.57013173,0.056272777
1992-1,0.394140322,12.78119197,0.141069867,0.401375063,4.249750864,0.0895,0.0918,205360.0009,12.23251982,12.54135489,10.14800113,7.493962759,0.013155215,1.7665,4.05359201,2822,28362,0.0352,-0.221587898,0.559466276,39.269,0.681597357,0.036902764,0.04586792,0.64508542,0.100713357,0.052896907,0.001465432,0.014144811,0.009730748,0.000669144,0.085615671,-0.397859414,-0.015477962,-2.073106722,2.526055735,-2.457886946,-0.095286946,0.569000188,0.049754097
1993-1,0.420499821,12.80776763,0.165533084,0.321375063,4.294917531,0.055,0.0773,228948.9999,12.34125455,12.58167287,10.13867824,7.512045851,0.008171653,1.5015,4.05646961,2929,28232,0.0302,-0.196834,0.599658151,39.169,0.712470007,0.028360413,0.04031798,0.565804471,0.105157046,0.052117732,0.021977886,0.006274055,0.011007914,0.002022087,0.082662674,-0.611940194,-0.015410042,-2.083024628,2.554555882,-2.49298712,-0.13038712,0.406464608,0.025542072
1994-1,0.430614622,12.85334754,0.1955339,0.324375063,4.314584198,0.0515,0.0805,288999.0009,12.57417851,12.63217761,10.14659058,7.531849106,0.007760386,1.5329,4.059338953,2676,28180,0.0421,-0.17724329,0.627014535,39.169,0.749027603,0.015692466,0.05050474,0.54944353,0.096254602,0.069860125,0.041911774,-0.007011125,0.009585875,0.002165084,0.081725282,-0.898305575,-0.009557859,-2.083789512,2.597316912,-2.504391879,-0.141791879,0.427161366,0.024280215
1995-1,0.454886905,12.88269932,0.240995517,0.280375063,4.407167531,0.0633,0.0825,331047.0006,12.71001564,12.70001946,10.1588272,7.553296567,0.009377378,1.5783,4.062217298,2436,28254,0.0583,-0.15102194,0.661672215,39.419,0.772970636,0.026430253,0.06784185,0.480563305,0.087651092,0.061918608,0.030067035,-0.009920899,0.007741639,0.002263989,0.081131548,-0.702447617,-0.01445735,-2.070499633,2.625756838,-2.511683392,-0.149083392,0.456348318,0.032566828
1996-1,0.4893625,12.91047761,0.268243948,0.295375063,4.392750864,0.0577,0.081,372842.0013,12.82891002,12.79452152,10.16815685,7.575976168,0.00835889,1.5617,4.065087381,2296,28356,0.053,-0.126518772,0.702020163,39.52525,0.805713235,0.035550535,0.09450206,0.500745982,0.082438286,0.048568892,0.028445233,-0.004878896,0.006906887,0.001983255,0.080092323,-0.487382456,-0.015806353,-2.05096041,2.650568333,-2.524575277,-0.161975277,0.445774972,0.020790602
1997-1,0.513291573,12.92878745,0.296797799,0.438375063,4.299584198,0.065,0.0708,404283.0013,12.90987041,12.88202809,10.18584296,7.600469608,0.009139271,1.6382,4.067966363,1988,28513,0.0546,-0.108896349,0.746805843,39.60025,0.844975584,0.027496369,0.08750657,0.642626215,0.071193444,0.043365916,0.032538283,-0.011152094,0.005177607,0.002134069,0.080206106,-0.570571422,-0.015653104,-2.022106687,2.677523049,-2.523155638,-0.160555638,0.493598078,0.012121956
1998-1,0.532229576,12.96510616,0.314488365,0.471375063,4.206250864,0.0681,0.0544,419545.9986,12.94692845,12.93841963,10.19597058,7.628259606,0.009598322,1.6574,4.07083708,1788,28583,0.0535,-0.093130909,0.797482656,39.51275,0.897731777,0.02192963,0.05639154,0.680103156,0.064063155,0.032232493,0.035432355,-0.009233984,0.003934,0.002369669,0.080671384,-0.670511664,-0.014863572,-1.994154911,2.710437216,-2.517371369,-0.154771369,0.505250109,-0.001810967
1999-1,0.557408362,12.99456588,0.322026654,0.470375063,4.194584198,0.0504,0.0501,421631.998,12.95188817,12.99035392,10.20979509,7.654382645,0.007259977,1.618,4.073716594,1727,28895,0.0497,-0.079848053,0.83571342,39.3565,0.948761547,0.02078081,0.05193429,0.693136379,0.061264686,0.028528488,0.03413632,-0.001264727,0.003776948,0.003014062,0.082099938,-0.682440072,-0.014721264,-1.95503005,2.733734074,-2.49981802,-0.13721802,0.481190819,0.006580728
2000-1,0.574116456,13.03711753,0.364689449,0.507375063,4.263667531,0.058,0.0533,426240.0013,12.96275785,13.05516021,10.22132291,7.679975887,0.008376192,1.5162,4.076587841,1587,29070,0.0624,-0.072050725,0.87725102,39.08775,0.999565461,0.011781969,0.06480629,0.708443062,0.056084075,0.032330522,0.038408513,-0.004827094,0.003206933,0.002766301,0.082815639,-0.69457998,-0.01456498,-1.925380913,2.766045113,-2.491138361,-0.128538361,0.415481443,0.002146432
2001-1,0.60475773,13.06290888,0.39505712,0.490375063,4.251000864,0.0476,0.0501,425959.0015,12.96209838,13.13065794,10.22958473,7.705484409,0.006955734,1.44,4.079467783,1489,29200,0.0388,-0.059747003,0.933494413,38.83775,1.049041358,0.021024447,0.07549773,0.685827045,0.052487605,0.025348346,0.024315468,-0.007240444,0.002439307,0.003302693,0.083707479,-0.620099518,-0.015348489,-1.889917843,2.785974158,-2.480426945,-0.117826945,0.364643114,0.007855596
2002-1,0.614413635,13.08372821,#N/A,#N/A,4.207167531,0.0386,0.0485,434540.0003,12.98204328,#N/A,10.23706274,7.729637844,#N/A,1.5026,4.085219724,1529,29448,0.0167,-0.047258518,0.982093999,38.7315,1.086607896,0.030499019,#N/A,#N/A,0.053331073,#N/A,0.020752976,#N/A,#N/A,#N/A,#N/A,#N/A,#N/A,#N/A,2.798214996,#N/A,#N/A,#N/A,#N/A
2003-1,0.638635984,13.12245057,#N/A,#N/A,#N/A,0.0356,0.0453,#N/A,#N/A,#N/A,10.24643876,7.793916646,#N/A,1.6346,4.090988938,1490,29672,0.0113,-0.03373288,1.013160815,#N/A,#N/A,0.030265357,#N/A,#N/A,0.051611601,#N/A,0.027694898,#N/A,#N/A,#N/A,#N/A,#N/A,#N/A,#N/A,2.818243139,#N/A,#N/A,#N/A,#N/A
2004-1,0.665742517,13.14923116,#N/A,#N/A,#N/A,0.0444,0.0483,#N/A,#N/A,#N/A,10.25699248,7.839683112,#N/A,1.832,4.096758313,1426,29907,0.0135,-0.020371835,1.051425652,#N/A,#N/A,0.024894284,#N/A,#N/A,0.049036953,#N/A,0.029082147,#N/A,#N/A,#N/A,#N/A,#N/A,#N/A,#N/A,2.839449778,#N/A,#N/A,#N/A,#N/A
2005-1,0.688031324,13.17931665,#N/A,#N/A,#N/A,0.0455,0.0437,#N/A,#N/A,#N/A,10.26708846,7.885517333,#N/A,1.8197,4.102527656,1467,30237,0.0322,0,1.072927653,#N/A,#N/A,0.020105658,#N/A,#N/A,0.049853082,#N/A,0.021497174,#N/A,#N/A,#N/A,#N/A,#N/A,#N/A,#N/A,2.849925362,#N/A,#N/A,#N/A,#N/A
2006-1,0.717565112,13.2044252,#N/A,#N/A,#N/A,0.0465,0.0443,#N/A,#N/A,#N/A,10.27587835,7.931392553,#N/A,1.8429,4.108296776,1674,30698,0.0497,0.022978427,1.118161495,#N/A,#N/A,0.027499527,#N/A,#N/A,0.055810323,#N/A,0.028128059,#N/A,#N/A,#N/A,#N/A,#N/A,#N/A,#N/A,2.863045603,#N/A,#N/A,#N/A,#N/A
2007-1,0.738747243,13.24080924,#N/A,#N/A,#N/A,0.0553,0.0492,#N/A,#N/A,#N/A,10.28288243,7.978345251,#N/A,2.0018,4.114049145,1654,30882,0.0502,0.045928076,1.166132323,#N/A,#N/A,0.028391367,#N/A,#N/A,0.054905258,#N/A,0.0252697,#N/A,#N/A,#N/A,#N/A,#N/A,#N/A,#N/A,2.882510477,#N/A,#N/A,#N/A,#N/A
2008-1,0.772192043,13.23248077,#N/A,#N/A,#N/A,0.0428,0.0459,#N/A,#N/A,#N/A,10.2900756,8.026725596,#N/A,1.8528,4.119817358,1783,31222,0.0192,0.081401243,1.20291808,#N/A,#N/A,0.029317286,#N/A,#N/A,0.058398363,#N/A,0.005462653,#N/A,#N/A,#N/A,#N/A,#N/A,#N/A,#N/A,2.876975174,#N/A,#N/A,#N/A,#N/A
2009-1,0.794855523,13.18952281,#N/A,#N/A,#N/A,0.004888,0.037483,#N/A,#N/A,#N/A,10.27370538,8.065139494,#N/A,1.5651,4.125584798,2394,31355,0.0016,0.102839051,1.200658192,#N/A,#N/A,0.014400097,#N/A,#N/A,0.077662486,#N/A,-0.050902894,#N/A,#N/A,#N/A,#N/A,#N/A,#N/A,#N/A,2.821286513,#N/A,#N/A,#N/A,#N/A
2010-1,0.811337327,13.20719543,#N/A,#N/A,#N/A,0.004963,0.037399,#N/A,#N/A,#N/A,10.27622284,#N/A,#N/A,1.546,4.131351288,2479,31513,0.0018,0.135404637,1.223030489,#N/A,#N/A,#N/A,#N/A,#N/A,#N/A,#N/A,#N/A,#N/A,#N/A,#N/A,#N/A,#N/A,#N/A,#N/A,#N/A,#N/A,#N/A,#N/A,#N/A
2011-1,0.825252475,13.21718325,#N/A,#N/A,#N/A,0.004839,0.032175,#N/A,#N/A,#N/A,10.28110173,#N/A,#N/A,1.6032,4.13754772,2560,31736,0.001,0.178982656,1.247075364,#N/A,#N/A,#N/A,#N/A,#N/A,#N/A,#N/A,#N/A,#N/A,#N/A,#N/A,#N/A,#N/A,#N/A,#N/A,#N/A,#N/A,#N/A,#N/A,#N/A
